{
  "moe_fp8_block_scale_ds_routing_topk8_ng8_kg4_e32_h7168_i2048": {
    "b8f4f012-a32e-4356-b4e1-7665b3d598af": {
      "status": "PASSED",
      "solution": "Self-Driving Kernel-solution-v1",
      "latency_ms": 1.3980728340148925,
      "reference_latency_ms": 10.840880949020384,
      "speedup_factor": 7.75416035936287,
      "max_abs_error": 1024.0,
      "max_rel_error": 0.12337662279605865
    },
    "e05c6c03-5603-4a1c-b34c-dcce0ecaeea4": {
      "status": "PASSED",
      "solution": "Self-Driving Kernel-solution-v1",
      "latency_ms": 0.7134696315526963,
      "reference_latency_ms": 10.334509321212769,
      "speedup_factor": 14.48486223404096,
      "max_abs_error": 1024.0,
      "max_rel_error": 0.04545454680919647
    },
    "6230e838-67ca-41dd-a9d6-6f36b7676c6b": {
      "status": "PASSED",
      "solution": "Self-Driving Kernel-solution-v1",
      "latency_ms": 4.150961218833923,
      "reference_latency_ms": 13.024873222351072,
      "speedup_factor": 3.137796894669612,
      "max_abs_error": 2048.0,
      "max_rel_error": 6.124997615814209
    },
    "8f1ff9f1-6747-41d1-a1d8-2868cdacf893": {
      "status": "PASSED",
      "solution": "Self-Driving Kernel-solution-v1",
      "latency_ms": 5.799956541061401,
      "reference_latency_ms": 15.451551374435425,
      "speedup_factor": 2.6640805435427914,
      "max_abs_error": 2048.0,
      "max_rel_error": 0.8471337556838989
    },
    "1a4c6ba1-3cd2-4d7d-b716-84f2d52b69fc": {
      "status": "PASSED",
      "solution": "Self-Driving Kernel-solution-v1",
      "latency_ms": 23.00886022949219,
      "reference_latency_ms": 19.434007656097414,
      "speedup_factor": 0.8446314794501373,
      "max_abs_error": 2048.0,
      "max_rel_error": 30.12495994567871
    },
    "a7c2bcfd-a2f4-479e-8d32-200115df89cf": {
      "status": "PASSED",
      "solution": "Self-Driving Kernel-solution-v1",
      "latency_ms": 2.8124147253036496,
      "reference_latency_ms": 11.821815214157104,
      "speedup_factor": 4.203439523977294,
      "max_abs_error": 1024.0,
      "max_rel_error": 2.7738091945648193
    },
    "2e69caee-ae5c-473b-aa99-5dc6659829d4": {
      "status": "PASSED",
      "solution": "Self-Driving Kernel-solution-v1",
      "latency_ms": 1.7365013782978056,
      "reference_latency_ms": 10.84723641204834,
      "speedup_factor": 6.246603974873476,
      "max_abs_error": 1024.0,
      "max_rel_error": 2.5208330154418945
    },
    "8cba5890-4288-448a-93b8-42c14c6b9420": {
      "status": "PASSED",
      "solution": "Self-Driving Kernel-solution-v1",
      "latency_ms": 2.792115200042725,
      "reference_latency_ms": 11.52932626914978,
      "speedup_factor": 4.129244477080802,
      "max_abs_error": 1024.0,
      "max_rel_error": 4.3461527824401855
    },
    "5e8dc11c-f2a9-42d5-8dce-9419cbf34d5d": {
      "status": "PASSED",
      "solution": "Self-Driving Kernel-solution-v1",
      "latency_ms": 160.0753794555664,
      "reference_latency_ms": 44.35293267059326,
      "speedup_factor": 0.2770752930365829,
      "max_abs_error": 8192.0,
      "max_rel_error": 111616.4296875
    },
    "58a34f27-7995-4155-8b46-f60a7225e20e": {
      "status": "PASSED",
      "solution": "Self-Driving Kernel-solution-v1",
      "latency_ms": 131.3758046875,
      "reference_latency_ms": 34.84914923858643,
      "speedup_factor": 0.265263069721865,
      "max_abs_error": 2048.0,
      "max_rel_error": 3344726.5
    },
    "5eadab1e-a0e3-4966-b0fd-1115cd77497c": {
      "status": "PASSED",
      "solution": "Self-Driving Kernel-solution-v1",
      "latency_ms": 4.778000701904297,
      "reference_latency_ms": 13.074528144836426,
      "speedup_factor": 2.7364014701013972,
      "max_abs_error": 1024.0,
      "max_rel_error": 46.04743957519531
    },
    "eedc63b2-c03b-4cf2-8d16-1f46566e3af7": {
      "status": "PASSED",
      "solution": "Self-Driving Kernel-solution-v1",
      "latency_ms": 4.065986309528351,
      "reference_latency_ms": 12.882289916992187,
      "speedup_factor": 3.1683062696997903,
      "max_abs_error": 1024.0,
      "max_rel_error": 0.5130434632301331
    },
    "e626d3e6-6c29-4fd8-bb7c-5b09eec61702": {
      "status": "PASSED",
      "solution": "Self-Driving Kernel-solution-v1",
      "latency_ms": 5.32385631275177,
      "reference_latency_ms": 14.783057342529299,
      "speedup_factor": 2.7767573867688213,
      "max_abs_error": 2048.0,
      "max_rel_error": 2.734693765640259
    },
    "74d7ff04-0365-4cf8-a824-ce61b7131dea": {
      "status": "PASSED",
      "solution": "Self-Driving Kernel-solution-v1",
      "latency_ms": 5.401163516998291,
      "reference_latency_ms": 14.189991748809813,
      "speedup_factor": 2.6272101750209433,
      "max_abs_error": 2048.0,
      "max_rel_error": 3.185565710067749
    },
    "4822167c-dae5-4bb1-bb53-e4adb256245b": {
      "status": "PASSED",
      "solution": "Self-Driving Kernel-solution-v1",
      "latency_ms": 6.27927968788147,
      "reference_latency_ms": 14.214635822296142,
      "speedup_factor": 2.263736690966211,
      "max_abs_error": 2048.0,
      "max_rel_error": 1.1558442115783691
    },
    "81955b1e-086f-49c1-9f40-a18a5aaf509d": {
      "status": "PASSED",
      "solution": "Self-Driving Kernel-solution-v1",
      "latency_ms": 4.836458187103271,
      "reference_latency_ms": 13.802030513763427,
      "speedup_factor": 2.85374751105415,
      "max_abs_error": 1024.0,
      "max_rel_error": 2.2676048278808594
    },
    "76010cb4-f73c-4145-8365-8642a2ce99de": {
      "status": "PASSED",
      "solution": "Self-Driving Kernel-solution-v1",
      "latency_ms": 4.917261944770813,
      "reference_latency_ms": 13.483797269821167,
      "speedup_factor": 2.742135241373567,
      "max_abs_error": 2048.0,
      "max_rel_error": 3.2399988174438477
    },
    "fc378037-e8fa-4305-b00f-4af47933fd53": {
      "status": "PASSED",
      "solution": "Self-Driving Kernel-solution-v1",
      "latency_ms": 4.801270211219787,
      "reference_latency_ms": 13.861336067199707,
      "speedup_factor": 2.8870143644088224,
      "max_abs_error": 2048.0,
      "max_rel_error": 1.091666340827942
    },
    "f7d6ac7c-24ec-47e4-aefc-4863a5e3e1d9": {
      "status": "PASSED",
      "solution": "Self-Driving Kernel-solution-v1",
      "latency_ms": 3.6393764457702638,
      "reference_latency_ms": 12.48544766998291,
      "speedup_factor": 3.430655733482498,
      "max_abs_error": 1024.0,
      "max_rel_error": 104.49946594238281
    }
  }
}